"time","v","y","der(v)","der(y)","count"
0,0,1,-9.810000000000001,0,0
0.005,-0.04905000000000001,0.9998773728142338,-9.810000000000001,-0.04905000000000001,0
0.01,-0.09809999999999999,0.9995094974916988,-9.810000000000001,-0.09809999999999999,0
0.015,-0.14715,0.9988963722792544,-9.810000000000001,-0.14715,0
0.02,-0.1962,0.9980379971705183,-9.810000000000001,-0.1962,0
0.025,-0.24525,0.9969343720545048,-9.810000000000001,-0.24525,0
0.03,-0.2943,0.9955854969521651,-9.810000000000001,-0.2943,0
0.035,-0.34335,0.9939913718714827,-9.810000000000001,-0.34335,0
0.04,-0.3924,0.9921519968124573,-9.810000000000001,-0.3924,0
0.045,-0.4414499999999999,0.9900673717463796,-9.810000000000001,-0.4414499999999999,0
0.05,-0.4905,0.9877374966820929,-9.810000000000001,-0.4905,0
0.055,-0.53955,0.9851623716249934,-9.810000000000001,-0.53955,0
0.06,-0.5885999999999999,0.9823419965750811,-9.810000000000001,-0.5885999999999999,0
0.065,-0.6376499999999999,0.979276371532356,-9.810000000000001,-0.6376499999999999,0
0.07000000000000001,-0.6867,0.9759654964968182,-9.810000000000001,-0.6867,0
0.075,-0.7357499999999999,0.9724093714684674,-9.810000000000001,-0.7357499999999999,0
0.08,-0.7847999999999999,0.968607996447304,-9.810000000000001,-0.7847999999999999,0
0.08500000000000001,-0.8338500000000001,0.9645613714181508,-9.810000000000001,-0.8338500000000001,0
0.09,-0.8828999999999999,0.9602694963822485,-9.810000000000001,-0.8828999999999999,0
0.095,-0.93195,0.9557323713479485,-9.810000000000001,-0.93195,0
0.1,-0.9810000000000001,0.9509499963152511,-9.810000000000001,-0.9810000000000001,0
0.105,-1.03005,0.9459223712841562,-9.810000000000001,-1.03005,0
0.11,-1.0791,0.9406494962546638,-9.810000000000001,-1.0791,0
0.115,-1.12815,0.9351313712267737,-9.810000000000001,-1.12815,0
0.12,-1.1772,0.9293679962004862,-9.810000000000001,-1.1772,0
0.125,-1.22625,0.9233593711758011,-9.810000000000001,-1.22625,0
0.13,-1.2753,0.9171054961527184,-9.810000000000001,-1.2753,0
0.135,-1.32435,0.9106063711312383,-9.810000000000001,-1.32435,0
0.14,-1.3734,0.9038619961113605,-9.810000000000001,-1.3734,0
0.145,-1.42245,0.8968723710930854,-9.810000000000001,-1.42245,0
0.15,-1.4715,0.8896374960764125,-9.810000000000001,-1.4715,0
0.155,-1.52055,0.8821573710613422,-9.810000000000001,-1.52055,0
0.16,-1.5696,0.8744319960478744,-9.810000000000001,-1.5696,0
0.165,-1.61865,0.8664613710338521,-9.810000000000001,-1.61865,0
0.17,-1.6677,0.8582454960136454,-9.810000000000001,-1.6677,0
0.175,-1.71675,0.8497843709939271,-9.810000000000001,-1.71675,0
0.18,-1.7658,0.841077995974697,-9.810000000000001,-1.7658,0
0.185,-1.81485,0.8321263709559553,-9.810000000000001,-1.81485,0
0.19,-1.8639,0.8229294959377018,-9.810000000000001,-1.8639,0
0.195,-1.91295,0.8134873709199366,-9.810000000000001,-1.91295,0
0.2,-1.962,0.8037999959026598,-9.810000000000001,-1.962,0
0.205,-2.01105,0.7938673708858715,-9.810000000000001,-2.01105,0
0.21,-2.0601,0.7836894958695712,-9.810000000000001,-2.0601,0
0.215,-2.10915,0.7732663708537594,-9.810000000000001,-2.10915,0
0.22,-2.1582,0.7625979958384358,-9.810000000000001,-2.1582,0
0.225,-2.20725,0.7516843708236005,-9.810000000000001,-2.20725,0
0.23,-2.2563,0.7405254958092535,-9.810000000000001,-2.2563,0
0.235,-2.30535,0.729121370795395,-9.810000000000001,-2.30535,0
0.24,-2.3544,0.7174719957820247,-9.810000000000001,-2.3544,0
0.245,-2.40345,0.7055773707691427,-9.810000000000001,-2.40345,0
0.25,-2.4525,0.693437495756749,-9.810000000000001,-2.4525,0
0.255,-2.50155,0.6810523707448437,-9.810000000000001,-2.50155,0
0.26,-2.5506,0.6684219957334266,-9.810000000000001,-2.5506,0
0.265,-2.59965,0.6555463707224979,-9.810000000000001,-2.59965,0
0.27,-2.6487,0.6424254957120574,-9.810000000000001,-2.6487,0
0.275,-2.69775,0.6290593707021053,-9.810000000000001,-2.69775,0
0.28,-2.7468,0.6154479956926415,-9.810000000000001,-2.7468,0
0.285,-2.79585,0.6015913706836662,-9.810000000000001,-2.79585,0
0.29,-2.8449,0.5874894956751791,-9.810000000000001,-2.8449,0
0.295,-2.89395,0.5731423706671802,-9.810000000000001,-2.89395,0
0.3,-2.943,0.5585499956596697,-9.810000000000001,-2.943,0
0.305,-2.99205,0.5437123706526474,-9.810000000000001,-2.99205,0
0.31,-3.0411,0.5286294956461135,-9.810000000000001,-3.0411,0
0.315,-3.09015,0.513301370640068,-9.810000000000001,-3.09015,0
0.32,-3.1392,0.4977279956345106,-9.810000000000001,-3.1392,0
0.325,-3.18825,0.4819093706294417,-9.810000000000001,-3.18825,0
0.33,-3.237299999999999,0.4658454956219856,-9.810000000000001,-3.237299999999999,0
0.335,-3.286349999999999,0.4495363706114366,-9.810000000000001,-3.286349999999999,0
0.34,-3.3354,0.4329819956010039,-9.810000000000001,-3.3354,0
0.345,-3.384449999999999,0.4161823705906874,-9.810000000000001,-3.384449999999999,0
0.35,-3.433499999999999,0.399137495580487,-9.810000000000001,-3.433499999999999,0
0.355,-3.482549999999999,0.3818473705704026,-9.810000000000001,-3.482549999999999,0
0.36,-3.531599999999999,0.3643119955604344,-9.810000000000001,-3.531599999999999,0
0.365,-3.580649999999999,0.3465313705505824,-9.810000000000001,-3.580649999999999,0
0.37,-3.629699999999999,0.3285054955408466,-9.810000000000001,-3.629699999999999,0
0.375,-3.678749999999999,0.3102343705312269,-9.810000000000001,-3.678749999999999,0
0.38,-3.727799999999999,0.2917179955217233,-9.810000000000001,-3.727799999999999,0
0.385,-3.776849999999999,0.2729563705123359,-9.810000000000001,-3.776849999999999,0
0.39,-3.825899999999999,0.2539494955030646,-9.810000000000001,-3.825899999999999,0
0.395,-3.874949999999999,0.2346973704939095,-9.810000000000001,-3.874949999999999,0
0.4,-3.924,0.2151999954848706,-9.810000000000001,-3.924,0
0.405,-3.973049999999999,0.1954573704759478,-9.810000000000001,-3.973049999999999,0
0.41,-4.022099999999999,0.1754694954671414,-9.810000000000001,-4.022099999999999,0
0.415,-4.071149999999999,0.1552363704584509,-9.810000000000001,-4.071149999999999,0
0.42,-4.120199999999999,0.1347579954498766,-9.810000000000001,-4.120199999999999,0
0.425,-4.169249999999999,0.1140343704414184,-9.810000000000001,-4.169249999999999,0
0.43,-4.218299999999999,0.09306549543307642,-9.810000000000001,-4.218299999999999,0
0.435,-4.26735,0.07185137042485056,-9.810000000000001,-4.26735,0
0.44,-4.316399999999999,0.05039199541674085,-9.810000000000001,-4.316399999999999,0
0.445,-4.365449999999999,0.02868737040874729,-9.810000000000001,-4.365449999999999,0
0.45,-4.414499999999999,0.006737495400869899,-9.810000000000001,-4.414499999999999,0
0.451523642204523,-4.429446930026369,-1.000008214342046e-008,-9.810000000000001,-4.429446930026369,0
0.451523642204523,3.100612851018458,-1.000008214342046e-008,-9.810000000000001,3.100612851018458,1
0.4515236486549599,3.100612787739672,1.000000549102228e-008,-9.810000000000001,3.100612787739672,1
0.4515236486549599,3.100612787739672,1.000000549102228e-008,-9.810000000000001,3.100612787739672,1
0.455,3.066509781044828,0.01071955136191528,-9.810000000000001,3.066509781044828,1
0.46,3.017459781044828,0.0259294750608931,-9.810000000000001,3.017459781044828,1
0.465,2.968409781044828,0.04089414886486178,-9.810000000000001,2.968409781044828,1
0.47,2.919359781044829,0.05561357269362773,-9.810000000000001,2.919359781044829,1
0.475,2.870309781044829,0.07008774653573913,-9.810000000000001,2.870309781044829,1
0.48,2.821259781044828,0.08431667039950123,-9.810000000000001,2.821259781044828,1
0.485,2.772209781044829,0.09830034425708348,-9.810000000000001,2.772209781044829,1
0.49,2.723159781044828,0.1120387681218529,-9.810000000000001,2.723159781044828,1
0.495,2.674109781044828,0.1255319419938096,-9.810000000000001,2.674109781044828,1
0.5,2.625059781044828,0.1387798658729534,-9.810000000000001,2.625059781044828,1
0.505,2.576009781044828,0.1517825397592844,-9.810000000000001,2.576009781044828,1
0.51,2.526959781044828,0.1645399636476982,-9.810000000000001,2.526959781044828,1
0.515,2.477909781044828,0.1770521375280054,-9.810000000000001,2.477909781044828,1
0.52,2.428859781044828,0.1893190614099152,-9.810000000000001,2.428859781044828,1
0.525,2.379809781044828,0.2013407352934274,-9.810000000000001,2.379809781044828,1
0.53,2.330759781044828,0.213117159178542,-9.810000000000001,2.330759781044828,1
0.535,2.281709781044828,0.2246483330652591,-9.810000000000001,2.281709781044828,1
0.54,2.232659781044828,0.2359342569535787,-9.810000000000001,2.232659781044828,1
0.545,2.183609781044828,0.2469749308435008,-9.810000000000001,2.183609781044828,1
0.55,2.134559781044828,0.2577703547350252,-9.810000000000001,2.134559781044828,1
0.5550000000000001,2.085509781044828,0.2683205286281522,-9.810000000000001,2.085509781044828,1
0.5600000000000001,2.036459781044828,0.2786254525228816,-9.810000000000001,2.036459781044828,1
0.565,1.987409781044829,0.2886851264192132,-9.810000000000001,1.987409781044829,1
0.57,1.938359781044828,0.298499550310887,-9.810000000000001,1.938359781044828,1
0.575,1.889309781044828,0.3080687242025034,-9.810000000000001,1.889309781044828,1
0.58,1.840259781044828,0.317392648094608,-9.810000000000001,1.840259781044828,1
0.585,1.791209781044828,0.326471321987201,-9.810000000000001,1.791209781044828,1
0.59,1.742159781044828,0.3353047458802823,-9.810000000000001,1.742159781044828,1
0.595,1.693109781044828,0.3438929197738518,-9.810000000000001,1.693109781044828,1
0.6,1.644059781044828,0.3522358436679097,-9.810000000000001,1.644059781044828,1
0.605,1.595009781044828,0.360333517562456,-9.810000000000001,1.595009781044828,1
0.61,1.545959781044828,0.3681859414574905,-9.810000000000001,1.545959781044828,1
0.615,1.496909781044828,0.3757931153530134,-9.810000000000001,1.496909781044828,1
0.62,1.447859781044828,0.3831550392490245,-9.810000000000001,1.447859781044828,1
0.625,1.398809781044828,0.390271713145524,-9.810000000000001,1.398809781044828,1
0.63,1.349759781044828,0.3971431370425118,-9.810000000000001,1.349759781044828,1
0.635,1.300709781044828,0.4037693109399879,-9.810000000000001,1.300709781044828,1
0.64,1.251659781044828,0.4101502348379522,-9.810000000000001,1.251659781044828,1
0.645,1.202609781044828,0.416285908736405,-9.810000000000001,1.202609781044828,1
0.65,1.153559781044828,0.422176332635346,-9.810000000000001,1.153559781044828,1
0.655,1.104509781044828,0.4278215065347754,-9.810000000000001,1.104509781044828,1
0.66,1.055459781044828,0.433221430434693,-9.810000000000001,1.055459781044828,1
0.665,1.006409781044828,0.4383761043350991,-9.810000000000001,1.006409781044828,1
0.67,0.9573597810448276,0.4432855282359933,-9.810000000000001,0.9573597810448276,1
0.675,0.9083097810448275,0.447949702137376,-9.810000000000001,0.9083097810448275,1
0.6800000000000001,0.8592597810448277,0.4523686260386894,-9.810000000000001,0.8592597810448277,1
0.6850000000000001,0.8102097810448277,0.4565422999365745,-9.810000000000001,0.8102097810448277,1
0.69,0.7611597810448287,0.4604707238345757,-9.810000000000001,0.7611597810448287,1
0.695,0.7121097810448287,0.4641538977326931,-9.810000000000001,0.7121097810448287,1
0.7,0.6630597810448287,0.4675918216309267,-9.810000000000001,0.6630597810448287,1
0.705,0.6140097810448286,0.4707844955292764,-9.810000000000001,0.6140097810448286,1
0.71,0.5649597810448286,0.4737319194277423,-9.810000000000001,0.5649597810448286,1
0.715,0.5159097810448285,0.4764340933263244,-9.810000000000001,0.5159097810448285,1
0.72,0.4668597810448285,0.4788910172250226,-9.810000000000001,0.4668597810448285,1
0.725,0.4178097810448285,0.4811026911238369,-9.810000000000001,0.4178097810448285,1
0.73,0.3687597810448284,0.4830691150227674,-9.810000000000001,0.3687597810448284,1
0.735,0.3197097810448284,0.4847902889218141,-9.810000000000001,0.3197097810448284,1
0.74,0.2706597810448284,0.4862662128209769,-9.810000000000001,0.2706597810448284,1
0.745,0.2216097810448283,0.4874968867202559,-9.810000000000001,0.2216097810448283,1
0.75,0.1725597810448283,0.488482310619651,-9.810000000000001,0.1725597810448283,1
0.755,0.1235097810448283,0.4892224845191623,-9.810000000000001,0.1235097810448283,1
0.76,0.07445978104482821,0.4897174084187897,-9.810000000000001,0.07445978104482821,1
0.765,0.02540978104482817,0.4899670823185333,-9.810000000000001,0.02540978104482817,1
0.77,-0.02364021895517187,0.489971506218393,-9.810000000000001,-0.02364021895517187,1
0.775,-0.0726902189551719,0.4897306801183689,-9.810000000000001,-0.0726902189551719,1
0.78,-0.121740218955172,0.4892446040184609,-9.810000000000001,-0.121740218955172,1
0.785,-0.170790218955172,0.4885132779186691,-9.810000000000001,-0.170790218955172,1
0.79,-0.219840218955172,0.4875367018189935,-9.810000000000001,-0.219840218955172,1
0.795,-0.2688902189551721,0.486314875719434,-9.810000000000001,-0.2688902189551721,1
0.8,-0.3179402189551721,0.4848477996199906,-9.810000000000001,-0.3179402189551721,1
0.8050000000000001,-0.3669902189551721,0.4831354735206634,-9.810000000000001,-0.3669902189551721,1
0.8100000000000001,-0.4160402189551722,0.4811778974214524,-9.810000000000001,-0.4160402189551722,1
0.815,-0.4650902189551712,0.4789750713223576,-9.810000000000001,-0.4650902189551712,1
0.82,-0.5141402189551712,0.4765269952233789,-9.810000000000001,-0.5141402189551712,1
0.825,-0.5631902189551712,0.4738336691245163,-9.810000000000001,-0.5631902189551712,1
0.83,-0.6122402189551712,0.4708950930257699,-9.810000000000001,-0.6122402189551712,1
0.835,-0.6612902189551713,0.4677112669271396,-9.810000000000001,-0.6612902189551713,1
0.84,-0.7103402189551713,0.4642821908286255,-9.810000000000001,-0.7103402189551713,1
0.845,-0.7593902189551713,0.4606078647302276,-9.810000000000001,-0.7593902189551713,1
0.85,-0.8084402189551715,0.4566882886319457,-9.810000000000001,-0.8084402189551715,1
0.855,-0.8574902189551715,0.4525234625337801,-9.810000000000001,-0.8574902189551715,1
0.86,-0.9065402189551716,0.4481133864357306,-9.810000000000001,-0.9065402189551716,1
0.865,-0.9555902189551716,0.4434580603377973,-9.810000000000001,-0.9555902189551716,1
0.87,-1.004640218955172,0.4385574842399801,-9.810000000000001,-1.004640218955172,1
0.875,-1.053690218955172,0.4334116581422791,-9.810000000000001,-1.053690218955172,1
0.88,-1.102740218955172,0.4280205820446942,-9.810000000000001,-1.102740218955172,1
0.885,-1.151790218955172,0.4223842559472255,-9.810000000000001,-1.151790218955172,1
0.89,-1.200840218955172,0.4165026798498729,-9.810000000000001,-1.200840218955172,1
0.895,-1.249890218955172,0.4103758537526365,-9.810000000000001,-1.249890218955172,1
0.9,-1.298940218955172,0.4040037776555163,-9.810000000000001,-1.298940218955172,1
0.905,-1.347990218955172,0.3973864515585121,-9.810000000000001,-1.347990218955172,1
0.91,-1.397040218955173,0.3905238754605472,-9.810000000000001,-1.397040218955173,1
0.915,-1.446090218955173,0.3834160493618062,-9.810000000000001,-1.446090218955173,1
0.92,-1.495140218955173,0.3760629732630987,-9.810000000000001,-1.495140218955173,1
0.925,-1.544190218955173,0.3684646471644249,-9.810000000000001,-1.544190218955173,1
0.9300000000000001,-1.593240218955173,0.3606210710657846,-9.810000000000001,-1.593240218955173,1
0.9350000000000001,-1.642290218955173,0.3525322449671779,-9.810000000000001,-1.642290218955173,1
0.94,-1.691340218955172,0.3441981688686051,-9.810000000000001,-1.691340218955172,1
0.945,-1.740390218955172,0.3356188427700655,-9.810000000000001,-1.740390218955172,1
0.95,-1.789440218955172,0.3267942666715596,-9.810000000000001,-1.789440218955172,1
0.955,-1.838490218955172,0.3177244405730872,-9.810000000000001,-1.838490218955172,1
0.96,-1.887540218955172,0.3084093644746485,-9.810000000000001,-1.887540218955172,1
0.965,-1.936590218955172,0.2988490383762433,-9.810000000000001,-1.936590218955172,1
0.97,-1.985640218955172,0.2890434622778717,-9.810000000000001,-1.985640218955172,1
0.975,-2.034690218955172,0.2789926361795337,-9.810000000000001,-2.034690218955172,1
0.98,-2.083740218955172,0.2686965600812293,-9.810000000000001,-2.083740218955172,1
0.985,-2.132790218955172,0.2581552339829584,-9.810000000000001,-2.132790218955172,1
0.99,-2.181840218955172,0.2473686578847211,-9.810000000000001,-2.181840218955172,1
0.995,-2.230890218955172,0.2363368317865174,-9.810000000000001,-2.230890218955172,1
1,-2.279940218955173,0.2250597556883473,-9.810000000000001,-2.279940218955173,1
1.005,-2.328990218955171,0.213537429590211,-9.810000000000001,-2.328990218955171,1
1.01,-2.378040218955173,0.2017698534921078,-9.810000000000001,-2.378040218955173,1
1.015,-2.427090218955172,0.1897570273940387,-9.810000000000001,-2.427090218955172,1
1.02,-2.476140218955173,0.1774989512960026,-9.810000000000001,-2.476140218955173,1
1.025,-2.525190218955172,0.1649956251980007,-9.810000000000001,-2.525190218955172,1
1.03,-2.574240218955173,0.1522470491000318,-9.810000000000001,-2.574240218955173,1
1.035,-2.623290218955172,0.139253223002097,-9.810000000000001,-2.623290218955172,1
1.04,-2.672340218955173,0.1260141469041953,-9.810000000000001,-2.672340218955173,1
1.045,-2.721390218955172,0.1125298208063277,-9.810000000000001,-2.721390218955172,1
1.05,-2.770440218955173,0.09880024470849308,-9.810000000000001,-2.770440218955173,1
1.055,-2.819490218955172,0.08482541861069268,-9.810000000000001,-2.819490218955172,1
1.06,-2.868540218955173,0.0706053425129252,-9.810000000000001,-2.868540218955173,1
1.065,-2.917590218955172,0.05614001641519197,-9.810000000000001,-2.917590218955172,1
1.07,-2.966640218955173,0.04142944031749166,-9.810000000000001,-2.966640218955173,1
1.075,-3.015690218955172,0.02647361421982562,-9.810000000000001,-3.015690218955172,1
1.08,-3.064740218955173,0.01127253812219246,-9.810000000000001,-3.064740218955173,1
1.083656740500149,-3.100612843261631,-1.000003751069304e-008,-9.810000000000001,-3.100612843261631,1
1.083656740500149,2.170428990283142,-1.000003751069304e-008,-9.810000000000001,2.170428990283142,2
1.083656749715002,2.17042889988543,1.000002585529614e-008,-9.810000000000001,2.17042889988543,2
1.083656749715002,2.17042889988543,1.000002585529614e-008,-9.810000000000001,2.17042889988543,2
1.085,2.157251614589602,0.002906588884496972,-9.810000000000001,2.157251614589602,2
1.09,2.108201614589601,0.0135702219049417,-9.810000000000001,2.108201614589601,2
1.095,2.059151614589603,0.02398860495612352,-9.810000000000001,2.059151614589603,2
1.1,2.010101614589602,0.03416173801335699,-9.810000000000001,2.010101614589602,2
1.105,1.961051614589603,0.04408962107777721,-9.810000000000001,1.961051614589603,2
1.11,1.912001614589602,0.05377225414195415,-9.810000000000001,1.912001614589602,2
1.115,1.862951614589603,0.06320963720696705,-9.810000000000001,1.862951614589603,2
1.12,1.813901614589601,0.07240177027358286,-9.810000000000001,1.813901614589601,2
1.125,1.764851614589603,0.08134865334180071,-9.810000000000001,1.764851614589603,2
1.13,1.715801614589603,0.0900502864103581,-9.810000000000001,1.715801614589603,2
1.135,1.666751614589602,0.09850666947825322,-9.810000000000001,1.666751614589602,2
1.14,1.617701614589603,0.1067178025466363,-9.810000000000001,1.617701614589603,2
1.145,1.568651614589602,0.114683685615508,-9.810000000000001,1.568651614589602,2
1.15,1.519601614589603,0.1224043186848678,-9.810000000000001,1.519601614589603,2
1.155,1.470551614589602,0.1298797017547161,-9.810000000000001,1.470551614589602,2
1.16,1.421501614589603,0.1371098348250525,-9.810000000000001,1.421501614589603,2
1.165,1.372451614589602,0.1440947178958775,-9.810000000000001,1.372451614589602,2
1.17,1.323401614589603,0.1508343509671904,-9.810000000000001,1.323401614589603,2
1.175,1.274351614589601,0.1573287340378249,-9.810000000000001,1.274351614589601,2
1.18,1.225301614589602,0.1635778671080437,-9.810000000000001,1.225301614589602,2
1.185,1.176251614589601,0.169581750178379,-9.810000000000001,1.176251614589601,2
1.19,1.127201614589602,0.1753403832488302,-9.810000000000001,1.127201614589602,2
1.195,1.0781516145896,0.1808537663193977,-9.810000000000001,1.0781516145896,2
1.2,1.029101614589602,0.1861218993900812,-9.810000000000001,1.029101614589602,2
1.205,0.9800516145896004,0.1911447824608811,-9.810000000000001,0.9800516145896004,2
1.21,0.9310016145896015,0.1959224155317969,-9.810000000000001,0.9310016145896015,2
1.215,0.8819516145896004,0.200454798602829,-9.810000000000001,0.8819516145896004,2
1.22,0.8329016145896014,0.2047419316739771,-9.810000000000001,0.8329016145896014,2
1.225,0.7838516145896003,0.2087838147452416,-9.810000000000001,0.7838516145896003,2
1.23,0.7348016145896013,0.212580447816622,-9.810000000000001,0.7348016145896013,2
1.235,0.6857516145896002,0.2161318308881187,-9.810000000000001,0.6857516145896002,2
1.24,0.6367016145896012,0.2194379639597315,-9.810000000000001,0.6367016145896012,2
1.245,0.5876516145896001,0.2224988470314606,-9.810000000000001,0.5876516145896001,2
1.25,0.5386016145896011,0.2253144801033056,-9.810000000000001,0.5386016145896011,2
1.255,0.4895516145896022,0.2278848631752668,-9.810000000000001,0.4895516145896022,2
1.26,0.4405016145896016,0.2302099962473032,-9.810000000000001,0.4405016145896016,2
1.265,0.3914516145896027,0.2322898793187239,-9.810000000000001,0.3914516145896027,2
1.27,0.3424016145896015,0.2341245123901783,-9.810000000000001,0.3424016145896015,2
1.275,0.2933516145896026,0.2357138954616661,-9.810000000000001,0.2933516145896026,2
1.28,0.2443016145896014,0.2370580285331877,-9.810000000000001,0.2443016145896014,2
1.285,0.1952516145896025,0.2381569116047427,-9.810000000000001,0.1952516145896025,2
1.29,0.1462016145896014,0.2390105446763314,-9.810000000000001,0.1462016145896014,2
1.295,0.09715161458960238,0.2396189277479537,-9.810000000000001,0.09715161458960238,2
1.3,0.04810161458960126,0.2399820608196095,-9.810000000000001,0.04810161458960126,2
1.305,-0.0009483854103976972,0.2400999438912989,-9.810000000000001,-0.0009483854103976972,2
1.31,-0.04999838541039883,0.2399725769630219,-9.810000000000001,-0.04999838541039883,2
1.315,-0.09904838541039779,0.2395999600347784,-9.810000000000001,-0.09904838541039779,2
1.32,-0.1480983854103989,0.2389820931065686,-9.810000000000001,-0.1480983854103989,2
1.325,-0.1971483854103979,0.2381189761783923,-9.810000000000001,-0.1971483854103979,2
1.33,-0.246198385410399,0.2370106092502496,-9.810000000000001,-0.246198385410399,2
1.335,-0.2952483854103979,0.2356569923221405,-9.810000000000001,-0.2952483854103979,2
1.34,-0.3442983854103991,0.234058125394065,-9.810000000000001,-0.3442983854103991,2
1.345,-0.393348385410398,0.2322140084660231,-9.810000000000001,-0.393348385410398,2
1.35,-0.4423983854103992,0.2301246415380147,-9.810000000000001,-0.4423983854103992,2
1.355,-0.4914483854103981,0.2277900246100399,-9.810000000000001,-0.4914483854103981,2
1.36,-0.5404983854103992,0.2252101576820987,-9.810000000000001,-0.5404983854103992,2
1.365,-0.5895483854103982,0.2223850407541911,-9.810000000000001,-0.5895483854103982,2
1.37,-0.6385983854103993,0.219314673826317,-9.810000000000001,-0.6385983854103993,2
1.375,-0.6876483854103983,0.2159990568984766,-9.810000000000001,-0.6876483854103983,2
1.38,-0.7366983854103972,0.2124381899706698,-9.810000000000001,-0.7366983854103972,2
1.385,-0.7857483854103984,0.2086320730428964,-9.810000000000001,-0.7857483854103984,2
1.39,-0.8347983854103973,0.2045807061151568,-9.810000000000001,-0.8347983854103973,2
1.395,-0.8838483854103985,0.2002840891874506,-9.810000000000001,-0.8838483854103985,2
1.4,-0.9328983854103974,0.1957422222597782,-9.810000000000001,-0.9328983854103974,2
1.405,-0.9819483854103985,0.1909551053321391,-9.810000000000001,-0.9819483854103985,2
1.41,-1.030998385410398,0.1859227384045338,-9.810000000000001,-1.030998385410398,2
1.415,-1.080048385410399,0.1806451214769619,-9.810000000000001,-1.080048385410399,2
1.42,-1.129098385410398,0.1751222545494238,-9.810000000000001,-1.129098385410398,2
1.425,-1.178148385410399,0.169354137621919,-9.810000000000001,-1.178148385410399,2
1.43,-1.227198385410398,0.1633407706944481,-9.810000000000001,-1.227198385410398,2
1.435,-1.276248385410399,0.1570821537670105,-9.810000000000001,-1.276248385410399,2
1.44,-1.325298385410399,0.1505782868392223,-9.810000000000001,-1.325298385410399,2
1.445,-1.3743483854104,0.1438291699113731,-9.810000000000001,-1.3743483854104,2
1.45,-1.423398385410399,0.1368348029835325,-9.810000000000001,-1.423398385410399,2
1.455,-1.4724483854104,0.1295951860556999,-9.810000000000001,-1.4724483854104,2
1.46,-1.521498385410399,0.122110319127876,-9.810000000000001,-1.521498385410399,2
1.465,-1.5705483854104,0.11438020220006,-9.810000000000001,-1.5705483854104,2
1.47,-1.619598385410399,0.1064048352722527,-9.810000000000001,-1.619598385410399,2
1.475,-1.6686483854104,0.0981842183444534,-9.810000000000001,-1.6686483854104,2
1.48,-1.717698385410399,0.08971835141666275,-9.810000000000001,-1.717698385410399,2
1.485,-1.766748385410401,0.08100723448888005,-9.810000000000001,-1.766748385410401,2
1.49,-1.815798385410399,0.07205086756110606,-9.810000000000001,-1.815798385410399,2
1.495,-1.864848385410401,0.06284925063333997,-9.810000000000001,-1.864848385410401,2
1.5,-1.9138983854104,0.05340238370558262,-9.810000000000001,-1.9138983854104,2
1.505,-1.962948385410398,0.0437102667778336,-9.810000000000001,-1.962948385410398,2
1.51,-2.0119983854104,0.03377289985009246,-9.810000000000001,-2.0119983854104,2
1.515,-2.061048385410399,0.02359028292236009,-9.810000000000001,-2.061048385410399,2
1.52,-2.1100983854104,0.01316241599463558,-9.810000000000001,-2.1100983854104,2
1.525,-2.159148385410399,0.002489299066919857,-9.810000000000001,-2.159148385410399,2
1.526149908571572,-2.170428988497525,-1.000000317435582e-008,-9.810000000000001,-2.170428988497525,2
1.526149908571572,1.519300291948267,-1.000000317435582e-008,-9.810000000000001,1.519300291948267,3
1.526149921735869,1.519300162806518,1.000001933524446e-008,-9.810000000000001,1.519300162806518,3
1.526149921735869,1.519300162806518,1.000001933524446e-008,-9.810000000000001,1.519300162806518,3
1.53,1.481530895035392,0.005776725919089169,-9.810000000000001,1.481530895035392,3
1.535,1.432480895035394,0.0130617551603811,-9.810000000000001,1.432480895035394,3
1.54,1.383430895035393,0.02010153450604772,-9.810000000000001,1.383430895035393,3
1.545,1.334380895035394,0.02689606390120424,-9.810000000000001,1.334380895035394,3
1.55,1.285330895035393,0.03344534329833472,-9.810000000000001,1.285330895035393,3
1.555,1.236280895035394,0.03974937271712202,-9.810000000000001,1.236280895035394,3
1.56,1.187230895035393,0.04580815214545601,-9.810000000000001,1.187230895035393,3
1.565,1.138180895035394,0.05162168157080673,-9.810000000000001,1.138180895035394,3
1.57,1.089130895035392,0.05718996100334489,-9.810000000000001,1.089130895035392,3
1.575,1.040080895035394,0.06251299044307002,-9.810000000000001,1.040080895035394,3
1.58,0.9910308950353923,0.06759076988998257,-9.810000000000001,0.9910308950353923,3
1.585,0.9419808950353933,0.07242329934408208,-9.810000000000001,0.9419808950353933,3
1.59,0.8929308950353918,0.07701057880257457,-9.810000000000001,0.8929308950353918,3
1.595,0.8438808950353929,0.08135260824977716,-9.810000000000001,0.8438808950353929,3
1.6,0.7948308950353917,0.0854493876985824,-9.810000000000001,0.7948308950353917,3
1.605,0.7457808950353928,0.08930091714898994,-9.810000000000001,0.7457808950353928,3
1.61,0.6967308950353917,0.09290719660100011,-9.810000000000001,0.6967308950353917,3
1.615,0.6476808950353927,0.09626822605461258,-9.810000000000001,0.6476808950353927,3
1.62,0.5986308950353916,0.09938400550982765,-9.810000000000001,0.5986308950353916,3
1.625,0.5495808950353925,0.1022545349666451,-9.810000000000001,0.5495808950353925,3
1.63,0.5005308950353936,0.1048798144250649,-9.810000000000001,0.5005308950353936,3
1.635,0.4514808950353925,0.1072598438850874,-9.810000000000001,0.4514808950353925,3
1.64,0.4024308950353935,0.1093946233467122,-9.810000000000001,0.4024308950353935,3
1.645,0.3533808950353924,0.1112841528099395,-9.810000000000001,0.3533808950353924,3
1.65,0.3043308950353935,0.1129284322747693,-9.810000000000001,0.3043308950353935,3
1.655,0.2552808950353915,0.1143274617372523,-9.810000000000001,0.2552808950353915,3
1.66,0.2062308950353926,0.1154812411971015,-9.810000000000001,0.2062308950353926,3
1.665,0.1571808950353914,0.116389770657439,-9.810000000000001,0.1571808950353914,3
1.67,0.1081308950353925,0.1170530501182648,-9.810000000000001,0.1081308950353925,3
1.675,0.05908089503539134,0.1174710795795789,-9.810000000000001,0.05908089503539134,3
1.68,0.01003089503539239,0.1176438590413814,-9.810000000000001,0.01003089503539239,3
1.685,-0.03901910496460875,0.1175713885036721,-9.810000000000001,-0.03901910496460875,3
1.69,-0.0880691049646077,0.1172536679664512,-9.810000000000001,-0.0880691049646077,3
1.695,-0.1371191049646088,0.1166906974297186,-9.810000000000001,-0.1371191049646088,3
1.7,-0.1861691049646078,0.1158824768934743,-9.810000000000001,-0.1861691049646078,3
1.705,-0.2352191049646089,0.1148290063577183,-9.810000000000001,-0.2352191049646089,3
1.71,-0.2842691049646079,0.1135302858224506,-9.810000000000001,-0.2842691049646079,3
1.715,-0.333319104964609,0.1119863152876712,-9.810000000000001,-0.333319104964609,3
1.72,-0.382369104964608,0.1101970947533802,-9.810000000000001,-0.382369104964608,3
1.725,-0.4314191049646091,0.1081626242195774,-9.810000000000001,-0.4314191049646091,3
1.73,-0.480469104964608,0.1058829036862631,-9.810000000000001,-0.480469104964608,3
1.735,-0.5295191049646092,0.1033579331534369,-9.810000000000001,-0.5295191049646092,3
1.74,-0.5785691049646081,0.1005877126210992,-9.810000000000001,-0.5785691049646081,3
1.745,-0.6276191049646093,0.09757224208924964,-9.810000000000001,-0.6276191049646093,3
1.75,-0.6766691049646082,0.09431152155788856,-9.810000000000001,-0.6766691049646082,3
1.755,-0.7257191049646071,0.09080555102701579,-9.810000000000001,-0.7257191049646071,3
1.76,-0.7747691049646083,0.08705433049663117,-9.810000000000001,-0.7747691049646083,3
1.765,-0.8238191049646072,0.08305785996673505,-9.810000000000001,-0.8238191049646072,3
1.77,-0.8728691049646083,0.07881613943732706,-9.810000000000001,-0.8728691049646083,3
1.775,-0.9219191049646074,0.07432916890840757,-9.810000000000001,-0.9219191049646074,3
1.78,-0.9709691049646102,0.06959694837851686,-9.810000000000001,-0.9709691049646102,3
1.785,-1.020019104964609,0.06461947784557851,-9.810000000000001,-1.020019104964609,3
1.79,-1.06906910496461,0.05939675731275609,-9.810000000000001,-1.06906910496461,3
1.795,-1.118119104964609,0.05392878678005005,-9.810000000000001,-1.118119104964609,3
1.8,-1.167169104964611,0.04821556624745992,-9.810000000000001,-1.167169104964611,3
1.805,-1.216219104964609,0.0422570957149862,-9.810000000000001,-1.216219104964609,3
1.81,-1.265269104964611,0.03605337518262838,-9.810000000000001,-1.265269104964611,3
1.815,-1.31431910496461,0.02960440465038698,-9.810000000000001,-1.31431910496461,3
1.82,-1.363369104964611,0.02291018411826144,-9.810000000000001,-1.363369104964611,3
1.825,-1.41241910496461,0.01597071358625236,-9.810000000000001,-1.41241910496461,3
1.83,-1.461469104964611,0.008785993054359126,-9.810000000000001,-1.461469104964611,3
1.835,-1.51051910496461,0.001356022522582367,-9.810000000000001,-1.51051910496461,3
1.83589512433017,-1.519300274643578,-1.000000426556804e-008,-9.810000000000001,-1.519300274643578,3
1.83589512433017,1.063510192250504,-1.000000426556804e-008,-9.810000000000001,1.063510192250504,4
1.835895143136542,1.063510007759999,1.000000628057981e-008,-9.810000000000001,1.063510007759999,4
1.835895143136542,1.063510007759999,1.000000628057981e-008,-9.810000000000001,1.063510007759999,4
1.84,1.023241361929472,0.004282916367913608,-9.810000000000001,1.023241361929472,4
1.845,0.9741913619294729,0.009276497924870439,-9.810000000000001,0.9741913619294729,4
1.85,0.9251413619294717,0.01402482958574526,-9.810000000000001,0.9251413619294717,4
1.855,0.8760913619294719,0.01852791131205066,-9.810000000000001,0.8760913619294719,4
1.86,0.8270413619294708,0.0227857430334707,-9.810000000000001,0.8270413619294708,4
1.865,0.7779913619294718,0.02679832477654766,-9.810000000000001,0.7779913619294718,4
1.87,0.7289413619294712,0.03056565653886946,-9.810000000000001,0.7289413619294712,4
1.875,0.6798913619294722,0.0340877382923019,-9.810000000000001,0.6798913619294722,4
1.88,0.6308413619294733,0.03736457005292154,-9.810000000000001,0.6308413619294733,4
1.885,0.5817913619294721,0.04039615182072853,-9.810000000000001,0.5817913619294721,4
1.89,0.5327413619294732,0.04318248359572258,-9.810000000000001,0.5327413619294732,4
1.895,0.483691361929472,0.04572356537790395,-9.810000000000001,0.483691361929472,4
1.9,0.4346413619294731,0.0480193971672724,-9.810000000000001,0.4346413619294731,4
1.905,0.3855913619294709,0.05006997895647661,-9.810000000000001,0.3855913619294709,4
1.91,0.3365413619294719,0.05187531073657539,-9.810000000000001,0.3365413619294719,4
1.915,0.2874913619294707,0.0534353925182767,-9.810000000000001,0.2874913619294707,4
1.92,0.2384413619294718,0.05475022430158041,-9.810000000000001,0.2384413619294718,4
1.925,0.1893913619294707,0.05581980608648664,-9.810000000000001,0.1893913619294707,4
1.93,0.1403413619294717,0.0566441378729953,-9.810000000000001,0.1403413619294717,4
1.935,0.09129136192947054,0.05722321966110644,-9.810000000000001,0.09129136192947054,4
1.94,0.04224136192947159,0.05755705145082002,-9.810000000000001,0.04224136192947159,4
1.945,-0.006808638070529553,0.05764563324213607,-9.810000000000001,-0.006808638070529553,4
1.95,-0.05585863807052852,0.05748896503505459,-9.810000000000001,-0.05585863807052852,4
1.955,-0.1049086380705297,0.05708704682957555,-9.810000000000001,-0.1049086380705297,4
1.96,-0.1539586380705286,0.056439878625699,-9.810000000000001,-0.1539586380705286,4
1.965,-0.2030086380705297,0.05554746042342488,-9.810000000000001,-0.2030086380705297,4
1.97,-0.2520586380705287,0.05440979222275326,-9.810000000000001,-0.2520586380705287,4
1.975,-0.3011086380705321,0.05302687401631711,-9.810000000000001,-0.3011086380705321,4
1.98,-0.3501586380705311,0.05139870580977501,-9.810000000000001,-0.3501586380705311,4
1.985,-0.3992086380705323,0.04952528760372115,-9.810000000000001,-0.3992086380705323,4
1.99,-0.4482586380705312,0.0474066193981557,-9.810000000000001,-0.4482586380705312,4
1.995,-0.4973086380705323,0.04504270119307846,-9.810000000000001,-0.4973086380705323,4
2,-0.5463586380705313,0.04243353298848964,-9.810000000000001,-0.5463586380705313,4
2.005,-0.5954086380705302,0.03957911478438915,-9.810000000000001,-0.5954086380705302,4
2.01,-0.6444586380705292,0.03647944658077698,-9.810000000000001,-0.6444586380705292,4
2.015,-0.6935086380705325,0.03313452837765283,-9.810000000000001,-0.6935086380705325,4
2.02,-0.7425586380705315,0.02954436017501729,-9.810000000000001,-0.7425586380705315,4
2.025,-0.7916086380705305,0.02570894197287008,-9.810000000000001,-0.7916086380705305,4
2.03,-0.8406586380705294,0.02162827377121119,-9.810000000000001,-0.8406586380705294,4
2.035,-0.8897086380705327,0.01730235557004023,-9.810000000000001,-0.8897086380705327,4
2.04,-0.9387586380705317,0.01273118736935797,-9.810000000000001,-0.9387586380705317,4
2.045,-0.9878086380705307,0.007914769169164032,-9.810000000000001,-0.9878086380705307,4
2.05,-1.03685863807053,0.002853100969458419,-9.810000000000001,-1.03685863807053,4
2.052716771416066,-1.063510165662134,-1.000000729519314e-008,-9.810000000000001,-1.063510165662134,4
2.052716771416066,0.7444571159634934,-1.000000729519314e-008,-9.810000000000001,0.7444571159634934,5
2.052716798282107,0.7444568524076234,1.000000693743368e-008,-9.810000000000001,0.7444568524076234,5
2.052716798282107,0.7444568524076234,1.000000693743368e-008,-9.810000000000001,0.7444568524076234,5
2.055,0.7220586435550943,0.001674184894079403,-9.810000000000001,0.7220586435550943,5
2.06,0.6730086435550958,0.005161852994267076,-9.810000000000001,0.6730086435550958,5
2.065,0.6239586435550975,0.008404271162574041,-9.810000000000001,0.6239586435550975,5
2.07,0.5749086435550985,0.01140143934325705,-9.810000000000001,0.5749086435550985,5
2.075,0.5258586435550963,0.01415335753219206,-9.810000000000001,0.5258586435550963,5
2.08,0.4768086435550973,0.01666002572505729,-9.810000000000001,0.4768086435550973,5
2.085,0.4277586435550984,0.01892144392510974,-9.810000000000001,0.4277586435550984,5
2.09,0.3787086435550994,0.02093761213234938,-9.810000000000001,0.3787086435550994,5
2.095,0.3296586435550939,0.02270853033392945,-9.810000000000001,0.3296586435550939,5
2.1,0.280608643555095,0.02423419853685751,-9.810000000000001,0.280608643555095,5
2.105,0.2315586435550961,0.02551461674138805,-9.810000000000001,0.2315586435550961,5
2.11,0.1825086435550971,0.02654978494752105,-9.810000000000001,0.1825086435550971,5
2.115,0.1334586435550938,0.02733970315525659,-9.810000000000001,0.1334586435550938,5
2.12,0.08440864355509482,0.02788437136459452,-9.810000000000001,0.08440864355509482,5
2.125,0.03535864355509586,0.02818378957553492,-9.810000000000001,0.03535864355509586,5
2.13,-0.01369135644490301,0.0282379577858834,-9.810000000000001,-0.01369135644490301,5
2.135,-0.06274135644490197,0.02804687599475359,-9.810000000000001,-0.06274135644490197,5
2.14,-0.1117913564449053,0.02761054420411205,-9.810000000000001,-0.1117913564449053,5
2.145,-0.1608413564449042,0.02692896241395887,-9.810000000000001,-0.1608413564449042,5
2.15,-0.2098913564449032,0.02600213062429401,-9.810000000000001,-0.2098913564449032,5
2.155,-0.2589413564449022,0.02483004883511748,-9.810000000000001,-0.2589413564449022,5
2.16,-0.3079913564449055,0.02341271704642913,-9.810000000000001,-0.3079913564449055,5
2.165,-0.3570413564449044,0.02175013525822923,-9.810000000000001,-0.3570413564449044,5
2.17,-0.4060913564449034,0.01984230347051765,-9.810000000000001,-0.4060913564449034,5
2.175,-0.4551413564449023,0.01768922168329439,-9.810000000000001,-0.4551413564449023,5
2.18,-0.5041913564449057,0.01529088989655924,-9.810000000000001,-0.5041913564449057,5
2.185,-0.5532413564449046,0.01264730811031261,-9.810000000000001,-0.5532413564449046,5
2.19,-0.6022913564449036,0.009758476324554306,-9.810000000000001,-0.6022913564449036,5
2.195,-0.6513413564449025,0.006624394539284327,-9.810000000000001,-0.6513413564449025,5
2.2,-0.7003913564449058,0.003245062754502363,-9.810000000000001,-0.7003913564449058,5
2.204491921250479,-0.7444571039121073,-1.000000756694449e-008,-9.810000000000001,-0.7444571039121073,5
2.204491921250479,0.5211199727384751,-1.000000756694449e-008,-9.810000000000001,0.5211199727384751,6
2.204491959629741,0.5211195962379172,1.00000009895705e-008,-9.810000000000001,0.5211195962379172,6
2.204491959629741,0.5211195962379172,1.00000009895705e-008,-9.810000000000001,0.5211195962379172,6
2.205,0.5161357202056792,0.0002634937649441095,-9.810000000000001,0.5161357202056792,6
2.21,0.4670857202056782,0.002721547353782952,-9.810000000000001,0.4670857202056782,6
2.215,0.4180357202056805,0.004934350951303844,-9.810000000000001,0.4180357202056805,6
2.22,0.3689857202056772,0.006901904550003979,-9.810000000000001,0.3689857202056772,6
2.225,0.3199357202056764,0.008624208149258125,-9.810000000000001,0.3199357202056764,6
2.23,0.2708857202056775,0.01010126174881819,-9.810000000000001,0.2708857202056775,6
2.235,0.2218357202056785,0.01133306534886657,-9.810000000000001,0.2218357202056785,6
2.24,0.1727857202056759,0.01231961894909259,-9.810000000000001,0.1727857202056759,6
2.245,0.1237357202056769,0.01306092254914721,-9.810000000000001,0.1237357202056769,6
2.25,0.07468572020567799,0.013556976149318,-9.810000000000001,0.07468572020567799,6
2.255,0.02563572020567903,0.01380777974960495,-9.810000000000001,0.02563572020567903,6
2.26,-0.02341427979431992,0.01381333335000806,-9.810000000000001,-0.02341427979431992,6
2.265,-0.07246427979432323,0.01357363695052731,-9.810000000000001,-0.07246427979432323,6
2.27,-0.1215142797943222,0.01308869055116273,-9.810000000000001,-0.1215142797943222,6
2.275,-0.1705642797943198,0.01235849415167352,-9.810000000000001,-0.1705642797943198,6
2.28,-0.2196142797943188,0.01138304775216035,-9.810000000000001,-0.2196142797943188,6
2.285,-0.2686642797943221,0.01016235135268065,-9.810000000000001,-0.2686642797943221,6
2.29,-0.317714279794321,0.008696404953234651,-9.810000000000001,-0.317714279794321,6
2.295,-0.36676427979432,0.006985208553822238,-9.810000000000001,-0.36676427979432,6
2.3,-0.4158142797943189,0.005028762154443417,-9.810000000000001,-0.4158142797943189,6
2.305,-0.4648642797943222,0.002827065755097982,-9.810000000000001,-0.4648642797943222,6
2.31,-0.5139142797943211,0.000380119355786324,-9.810000000000001,-0.5139142797943211,6
2.310734525171892,-0.5211199717305793,-1.000001840544013e-008,-9.810000000000001,-0.5211199717305793,6
2.310734525171892,0.3647839802114055,-1.000001840544013e-008,-9.810000000000001,0.3647839802114055,7
2.31073458000521,0.3647834422965517,1.00000032755366e-008,-9.810000000000001,0.3647834422965517,7
2.31073458000521,0.3647834422965517,1.00000032755366e-008,-9.810000000000001,0.3647834422965517,7
2.315,0.3229396721476646,0.001466722370921644,-9.810000000000001,0.3229396721476646,7
2.32,0.2738896721476652,0.002958795467133059,-9.810000000000001,0.2738896721476652,7
2.325,0.2248396721476619,0.004205618666959682,-9.810000000000001,0.2248396721476619,7
2.33,0.1757896721476609,0.005207191941890847,-9.810000000000001,0.1757896721476609,7
2.335,0.1267396721476619,0.005963515207985724,-9.810000000000001,0.1267396721476619,7
2.34,0.07768967214766295,0.006474588495737724,-9.810000000000001,0.07768967214766295,7
2.345,0.02863967214765963,0.006740411805146862,-9.810000000000001,0.02863967214765963,7
2.35,-0.02041032785233915,0.006760985108914096,-9.810000000000001,-0.02041032785233915,7
2.355,-0.06946032785233811,0.006536308416598548,-9.810000000000001,-0.06946032785233811,7
2.36,-0.1185103278523371,0.006066381731470207,-9.810000000000001,-0.1185103278523371,7
2.365,-0.1675603278523404,0.005351205053529001,-9.810000000000001,-0.1675603278523404,7
2.37,-0.2166103278523393,0.004390778382775055,-9.810000000000001,-0.2166103278523393,7
2.375,-0.2656603278523383,0.003185101719208318,-9.810000000000001,-0.2656603278523383,7
2.38,-0.3147103278523373,0.001734175062828789,-9.810000000000001,-0.3147103278523373,7
2.385,-0.3637603278523359,3.799839437448006e-005,-9.810000000000001,-0.3637603278523359,7
2.385104340661245,-0.3647839097391482,-1.000001507007224e-008,-9.810000000000001,-0.3647839097391482,7
2.385104340661245,0.2553487368174037,-1.000001507007224e-008,-9.810000000000001,0.2553487368174037,8
2.385104419000307,0.2553479683112069,1.000000307200765e-008,-9.810000000000001,0.2553479683112069,8
2.385104419000307,0.2553479683112069,1.000000307200765e-008,-9.810000000000001,0.2553479683112069,8
2.39,0.207322318704214,0.001132527837695584,-9.810000000000001,0.207322318704214,8
2.395,0.158272318704216,0.002046514118205049,-9.810000000000001,0.158272318704216,8
2.4,0.1092223187042189,0.002715250505314398,-9.810000000000001,0.1092223187042189,8
2.405,0.06017231870421996,0.003138736997993814,-9.810000000000001,0.06017231870421996,8
2.41,0.01112231870421603,0.003316973474270896,-9.810000000000001,0.01112231870421603,8
2.415,-0.03792768129578292,0.00324995996962487,-9.810000000000001,-0.03792768129578292,8
2.42,-0.08697768129578187,0.002937696486635968,-9.810000000000001,-0.08697768129578187,8
2.425,-0.1360276812957808,0.002380183025304189,-9.810000000000001,-0.1360276812957808,8
2.43,-0.1850776812957854,0.00157741955114218,-9.810000000000001,-0.1850776812957854,8
2.435,-0.2341276812957844,0.0005294060829949678,-9.810000000000001,-0.2341276812957844,8
2.437163193864968,-0.2553486131111204,-1.00000119092571e-008,-9.810000000000001,-0.2553486131111204,8
2.437163193864968,0.1787440291777843,-1.00000119092571e-008,-9.810000000000001,0.1787440291777843,9
2.437163305774312,0.1787429313471224,1.000000075616147e-008,-9.810000000000001,0.1787429313471224,9
2.437163305774312,0.1787429313471224,1.000000075616147e-008,-9.810000000000001,0.1787429313471224,9
2.44,0.1509149609931225,0.0004675786162878954,-9.810000000000001,0.1509149609931225,9
2.445,0.1018649609931242,0.001099528262458043,-9.810000000000001,0.1018649609931242,9
2.45,0.05281496099312019,0.001486227999762075,-9.810000000000001,0.05281496099312019,9
2.455,0.00376496099312123,0.001627677745518068,-9.810000000000001,0.00376496099312123,9
2.46,-0.04528503900687773,0.001523877512931184,-9.810000000000001,-0.04528503900687773,9
2.465,-0.09433503900687804,0.001174827280401999,-9.810000000000001,-0.09433503900687804,9
2.47,-0.1433850390068814,0.0005805270537654201,-9.810000000000001,-0.1433850390068814,9
2.473604376029916,-0.1787439678603511,-1.000000413769285e-008,-9.810000000000001,-0.1787439678603511,9
2.473604376029916,0.1251207775022458,-1.000000413769285e-008,-9.810000000000001,0.1251207775022458,10
2.473604535893003,0.1251192092453611,1.000000092082891e-008,-9.810000000000001,0.1251192092453611,10
2.473604535893003,0.1251192092453611,1.000000092082891e-008,-9.810000000000001,0.1251192092453611,10
2.475,0.1114297063557164,0.0001650575903807042,-9.810000000000001,0.1114297063557164,10
2.48,0.06237970635571874,0.0005995810668040014,-9.810000000000001,0.06237970635571874,10
2.485,0.01332970635571978,0.0007888545753064577,-9.810000000000001,0.01332970635571978,10
2.49,-0.03572029364428386,0.000732878090118163,-9.810000000000001,-0.03572029364428386,10
2.495,-0.08477029364428282,0.0004316516120598852,-9.810000000000001,-0.08477029364428282,10
2.49911319689524,-0.1251207551865828,-1.000000101058263e-008,-9.810000000000001,-0.1251207551865828,10
2.49911319689524,0.08758452863060794,-1.000000101058263e-008,-9.810000000000001,0.08758452863060794,11
2.499113425268778,0.08758228828619687,1.000000095187542e-008,-9.810000000000001,0.08758228828619687,11
2.499113425268778,0.08758228828619687,1.000000095187542e-008,-9.810000000000001,0.08758228828619687,11
2.5,0.07888499017291042,7.38027726077339e-005,-9.810000000000001,0.07888499017291042,11
2.5,0.07888499017291042,7.38027726077339e-005,-9.810000000000001,0.07888499017291042,11
